OBJECTID,City,eenrol11,eenrol12,eenrol13,eenrol14,eenrol15,eenrol16,eenrol17,eenrol19,eenrol20,Shape__Area,Shape__Length,eenrol21
1,Baltimore City,31234,31604,31853,32006,33217,33300,31942,28200,27343,2264963004.20801,528245.410048714,29008
