OBJECTID,City,eattend10,eattend11,eattend12,eattend13,eattend14,eattend15,eattend16,eattend17,eattend19,eattend20,Shape__Area,Shape__Length,eattend21
1,Baltimore City,32735,33791,32791,33054,33183,34340,34410,33461,29557,28292,2264963004.20801,528245.410048714,28925
