OBJECTID,City,menrol11,menrol12,menrol13,menrol14,menrol15,menrol16,menrol17,menrol19,menrol20,Shape__Area,Shape__Length,menrol21
1,Baltimore City,16659,16986,16817,16757,16822,16806,16246,15750,16011,2264963004.20801,528245.410048714,17421
