OBJECTID,City,mattend10,mattend11,mattend12,mattend13,mattend14,mattend15,mattend16,mattend17,mattend19,mattend20,Shape__Area,Shape__Length,mattend21
1,Baltimore City,18778,17999,17463,17481,17268,17304,17262,16864,16381,16462,2264963004.20801,528245.410048714,17376
